{"cameraMode":{"drawMode":0,"name":"Shaded","section":"Shading Mode"},"sceneLighting":true,"audioPlay":false,"sceneViewState":{"showFog":true,"showMaterialUpdate":false,"showSkybox":true,"showFlares":true,"showImageEffects":true,"showParticleSystems":true},"in2DMode":false,"pivot":{"x":8.760148048400879,"y":11.52470588684082,"z":6.135165691375732},"rotation":{"x":-0.18970070779323579,"y":0.808240532875061,"z":-0.36065012216567995,"w":-0.42509493231773379},"size":5.917102336883545,"orthographic":false}