{"cameraMode":{"drawMode":0,"name":"Shaded","section":"Shading Mode"},"sceneLighting":true,"audioPlay":false,"sceneViewState":{"showFog":true,"showMaterialUpdate":false,"showSkybox":true,"showFlares":true,"showImageEffects":true,"showParticleSystems":true},"in2DMode":false,"pivot":{"x":17.719200134277345,"y":-5.263310432434082,"z":-3.7694144248962404},"rotation":{"x":0.1031833365559578,"y":0.7708768844604492,"z":-0.12932991981506349,"w":0.6151373386383057},"size":11.950220108032227,"orthographic":false}